driver_id,name,city,rating
1,Rahul_1,Delhi,4.6
2,Priya_2,Mumbai,3.7
3,Rahul_3,Pune,3.6
4,Sneha_4,Delhi,3.5
5,Priya_5,Mumbai,4.3
6,Amit_6,Pune,3.8
7,Anjali_7,Hyderabad,3.8
8,Arjun_8,Bangalore,4.7
9,Amit_9,Mumbai,4.5
10,Vikas_10,Bangalore,3.7
11,Vikas_11,Delhi,3.6
12,Rahul_12,Bangalore,4.8
13,Arjun_13,Bangalore,4.7
14,Rohit_14,Pune,3.7
15,Sneha_15,Delhi,4.3
16,Arjun_16,Bangalore,4.4
17,Rahul_17,Delhi,4.5
18,Karan_18,Delhi,4.8
19,Rahul_19,Hyderabad,3.9
20,Vikas_20,Mumbai,4.1
21,Priya_21,Bangalore,4.6
22,Rahul_22,Pune,4.5
23,Anjali_23,Mumbai,3.7
24,Sneha_24,Bangalore,5.0
25,Anjali_25,Mumbai,4.5
26,Amit_26,Mumbai,4.7
27,Vikas_27,Hyderabad,3.9
28,Priya_28,Pune,4.8
29,Vikas_29,Mumbai,4.5
30,Sneha_30,Hyderabad,3.7
31,Neha_31,Mumbai,4.6
32,Anjali_32,Bangalore,4.6
33,Sneha_33,Pune,4.1
34,Priya_34,Mumbai,4.3
35,Rahul_35,Delhi,4.8
36,Neha_36,Mumbai,4.7
37,Sneha_37,Pune,3.6
38,Sneha_38,Pune,5.0
39,Anjali_39,Bangalore,5.0
40,Amit_40,Delhi,4.5
41,Anjali_41,Bangalore,4.7
42,Vikas_42,Delhi,3.9
43,Neha_43,Hyderabad,3.5
44,Karan_44,Pune,4.6
45,Anjali_45,Delhi,4.8
46,Karan_46,Pune,4.4
47,Neha_47,Bangalore,4.6
48,Anjali_48,Pune,4.9
49,Arjun_49,Bangalore,4.2
50,Rahul_50,Bangalore,4.8
51,Karan_51,Mumbai,3.6
52,Arjun_52,Delhi,3.6
53,Rohit_53,Delhi,5.0
54,Anjali_54,Mumbai,3.7
55,Rohit_55,Pune,3.7
56,Anjali_56,Pune,4.1
57,Priya_57,Pune,4.6
58,Priya_58,Bangalore,4.1
59,Vikas_59,Hyderabad,4.8
60,Rohit_60,Delhi,3.9
61,Rahul_61,Bangalore,3.5
62,Anjali_62,Mumbai,4.4
63,Amit_63,Delhi,4.6
64,Amit_64,Mumbai,3.6
65,Amit_65,Bangalore,3.6
66,Priya_66,Bangalore,4.5
67,Priya_67,Pune,3.7
68,Arjun_68,Pune,4.2
69,Rohit_69,Hyderabad,3.8
70,Rahul_70,Hyderabad,4.0
71,Sneha_71,Hyderabad,4.8
72,Amit_72,Delhi,3.6
73,Vikas_73,Delhi,3.9
74,Priya_74,Pune,4.2
75,Sneha_75,Mumbai,3.9
76,Priya_76,Delhi,4.2
77,Anjali_77,Delhi,3.6
78,Anjali_78,Delhi,5.0
79,Priya_79,Mumbai,4.1
80,Rohit_80,Mumbai,4.8
81,Amit_81,Mumbai,4.1
82,Sneha_82,Bangalore,4.9
83,Rohit_83,Bangalore,4.1
84,Anjali_84,Hyderabad,3.7
85,Karan_85,Mumbai,5.0
86,Arjun_86,Pune,3.6
87,Vikas_87,Delhi,3.6
88,Rohit_88,Pune,4.9
89,Anjali_89,Mumbai,3.6
90,Anjali_90,Delhi,4.8
91,Rahul_91,Pune,3.6
92,Priya_92,Hyderabad,3.7
93,Arjun_93,Mumbai,4.4
94,Amit_94,Pune,3.6
95,Arjun_95,Pune,4.3
96,Karan_96,Mumbai,4.5
97,Vikas_97,Mumbai,3.9
98,Neha_98,Bangalore,4.2
99,Rahul_99,Delhi,4.2
100,Arjun_100,Delhi,3.6
101,Priya_101,Pune,3.9
102,Vikas_102,Delhi,4.8
103,Vikas_103,Bangalore,3.7
104,Anjali_104,Bangalore,4.4
105,Anjali_105,Delhi,4.5
106,Anjali_106,Bangalore,4.9
107,Rahul_107,Mumbai,3.9
108,Rahul_108,Pune,3.7
109,Karan_109,Pune,3.8
110,Vikas_110,Mumbai,4.5
111,Karan_111,Pune,4.2
112,Amit_112,Delhi,4.5
113,Karan_113,Delhi,3.5
114,Neha_114,Bangalore,3.7
115,Rohit_115,Pune,4.6
116,Anjali_116,Delhi,3.7
117,Neha_117,Pune,3.6
118,Vikas_118,Pune,4.3
119,Sneha_119,Mumbai,3.6
120,Vikas_120,Delhi,4.8
121,Priya_121,Mumbai,4.5
122,Vikas_122,Pune,4.8
123,Sneha_123,Pune,4.6
124,Priya_124,Mumbai,5.0
125,Neha_125,Hyderabad,3.5
126,Vikas_126,Hyderabad,4.7
127,Priya_127,Bangalore,3.7
128,Rahul_128,Hyderabad,4.8
129,Rohit_129,Mumbai,3.8
130,Rohit_130,Bangalore,4.0
131,Priya_131,Mumbai,3.5
132,Priya_132,Hyderabad,4.0
133,Rahul_133,Bangalore,4.0
134,Anjali_134,Hyderabad,4.5
135,Anjali_135,Bangalore,4.9
136,Rahul_136,Bangalore,3.8
137,Karan_137,Delhi,3.7
138,Sneha_138,Bangalore,4.6
139,Vikas_139,Hyderabad,4.4
140,Anjali_140,Delhi,4.1
141,Arjun_141,Mumbai,3.9
142,Sneha_142,Delhi,4.3
143,Anjali_143,Mumbai,4.0
144,Rahul_144,Bangalore,4.4
145,Rahul_145,Bangalore,4.3
146,Sneha_146,Bangalore,4.1
147,Karan_147,Pune,3.7
148,Sneha_148,Hyderabad,4.5
149,Neha_149,Pune,4.4
150,Sneha_150,Pune,4.8
